firm,overall_rating,work_life_balance,culture_values,diversity_inclusion,career_opp,comp_benefits,senior_mgmt,bert_sentiment_score,review_count,rating_score,company_intelligence_score,rank
Bain-and-Company,90.58823529411765,71.86813186813187,92.70588235294119,88.33333333333334,93.4065934065934,92.96703296703296,89.45054945054946,87.25,102,88.47,87.99,1
Unity-Technologies,92.3076923076923,90.76923076923077,96.9230769230769,95.0,86.15384615384615,84.61538461538461,84.61538461538461,84.62,13,90.05,87.88,2
The-Church-of-Jesus-Christ-of-Latter-day-Saints,89.0,82.35294117647058,90.58823529411765,73.33333333333333,75.0,88.23529411764707,84.70588235294117,88.75,20,83.32,85.49,3
Northern-Gas-and-Power,91.66666666666666,95.0,91.66666666666666,100.0,93.33333333333333,91.66666666666666,91.66666666666666,72.92,12,93.57,85.31,4
University-of-Bristol,92.0,77.5,87.5,100.0,72.5,80.0,77.5,87.5,10,83.86,85.31,5
Bupa,85.45454545454545,87.5,87.5,100.0,80.0,80.0,77.5,81.82,11,85.42,83.98,6
Rentokil-Initial,88.69565217391305,80.90909090909092,84.76190476190476,100.0,84.54545454545455,80.0,83.63636363636363,80.43,23,86.08,83.82,7
McKinsey-and-Company,86.82539682539682,57.227722772277225,86.23655913978494,98.00000000000001,91.45631067961165,85.49019607843137,80.39999999999999,81.94,126,83.66,82.98,8
LinkedIn,87.5,84.77611940298507,89.0909090909091,98.00000000000001,80.0,87.16417910447761,77.91044776119402,77.81,80,86.35,82.93,9
University-of-Sheffield,90.0,86.0,88.00000000000001,96.0,82.0,72.0,76.0,79.17,12,84.29,82.24,10
Google,88.67021276595744,81.47601476014759,87.79527559055119,88.8888888888889,83.12727272727273,87.72058823529412,78.18867924528303,77.79,376,85.12,82.19,11
Salesforce,85.28846153846153,78.19148936170212,88.61878453038673,89.79591836734693,82.88770053475936,88.75675675675676,78.38709677419355,78.49,208,84.56,82.13,12
Boston-Consulting-Group,86.72727272727272,60.91954022988506,86.42857142857142,80.0,85.45454545454545,86.74157303370788,78.39080459770116,82.73,110,80.67,81.49,13
SAP,85.92178770949721,82.52307692307693,85.68561872909699,90.0,78.27692307692308,83.71517027863777,76.7601246105919,78.77,358,83.27,81.47,14
Ryan-LLC,81.33333333333333,90.37037037037037,87.69230769230771,90.0,82.3076923076923,80.76923076923077,81.53846153846153,75.83,30,84.86,81.25,15
XPO-Logistics,85.71428571428571,81.42857142857143,82.85714285714286,80.0,84.28571428571429,80.0,87.14285714285714,76.79,14,83.06,80.55,16
Mastercard,81.96721311475409,81.19999999999999,84.08163265306122,90.0,78.8,81.22448979591837,73.2,79.1,61,81.5,80.54,17
Travelodge-Hotels-UK,84.61538461538461,85.0,80.0,,85.0,80.0,85.0,75.0,13,83.27,79.96,18
Capital-Group,81.33333333333333,78.46153846153847,85.71428571428571,100.0,67.6923076923077,83.84615384615385,69.23076923076923,78.33,30,80.9,79.87,19
University-of-Leeds,88.00000000000001,83.33333333333334,80.0,100.0,78.33333333333333,81.66666666666667,70.0,75.0,15,83.05,79.83,20
Imperial-College-London,84.73684210526315,78.0,79.25925925925925,86.66666666666666,77.24137931034483,73.57142857142857,73.79310344827587,78.29,38,79.04,78.74,21
Workday,81.86046511627907,83.58974358974359,85.78947368421052,68.0,74.21052631578948,73.84615384615385,78.94736842105263,79.65,43,78.03,78.68,22
Oxford-University,89.16666666666666,84.44444444444444,88.75,82.85714285714286,83.33333333333334,70.0,81.11111111111111,71.88,24,82.81,78.44,23
Randstad,75.0,67.27272727272727,84.00000000000001,93.33333333333333,72.72727272727273,80.0,69.0909090909091,79.17,12,77.35,78.07,24
University-of-Michigan,86.6086956521739,79.48717948717949,81.66666666666667,75.38461538461539,72.20779220779221,76.1038961038961,69.72972972972973,76.74,115,77.31,77.08,25
University-of-Edinburgh,85.71428571428571,82.85714285714286,85.71428571428571,100.0,90.0,68.57142857142857,82.85714285714286,64.29,14,85.1,76.78,26
Apple,80.58365758754864,65.58472553699283,81.11405835543766,86.37681159420289,70.61320754716981,81.33333333333333,69.35560859188544,76.56,514,76.42,76.48,27
The-Access-Group-UK,78.66666666666666,77.14285714285715,77.14285714285715,100.0,80.0,72.85714285714285,78.57142857142857,70.0,15,80.63,76.38,28
Hilton,81.3986013986014,76.69421487603306,82.03389830508473,78.8888888888889,77.8688524590164,74.09836065573771,71.26050420168067,74.48,143,77.46,76.27,29
Citizens-Advice,80.0,88.57142857142858,85.71428571428571,88.00000000000001,60.0,62.857142857142854,80.0,72.92,12,77.88,75.89,30
Sky,80.52631578947368,72.22222222222221,80.0,83.63636363636363,70.55555555555554,82.22222222222221,68.0,74.34,38,76.74,75.78,31
University-College-London,82.58064516129032,74.28571428571429,74.0,73.33333333333333,76.19047619047619,68.57142857142857,60.0,78.23,31,72.71,74.92,32
LSE,85.45454545454545,85.0,94.28571428571428,80.0,73.33333333333333,70.0,75.0,65.91,11,80.44,74.63,33
Anglian-Water,80.0,81.81818181818181,80.0,60.0,78.18181818181819,81.81818181818181,78.18181818181819,70.83,12,77.14,74.62,34
Microsoft,78.37593984962406,73.97887323943661,75.7085020242915,84.15584415584416,74.47552447552448,80.21052631578947,64.92957746478874,72.37,665,75.98,74.53,35
River-Island-Clothing,73.33333333333333,83.63636363636363,78.18181818181819,100.0,63.63636363636363,61.81818181818181,74.54545454545453,70.83,12,76.45,74.2,36
Accor,78.0952380952381,68.88888888888889,75.55555555555556,90.0,73.33333333333333,70.0,70.0,72.62,21,75.12,74.12,37
Hyatt,78.25,65.26315789473685,77.89473684210526,85.0,76.27118644067797,72.54237288135593,64.21052631578948,73.75,80,74.2,74.02,38
University-of-Cambridge,82.94117647058825,79.23076923076924,83.2,55.00000000000001,72.3076923076923,63.846153846153854,71.53846153846153,75.74,34,72.58,73.84,39
University-of-Liverpool,80.0,80.0,77.14285714285715,100.0,60.0,71.42857142857143,54.28571428571429,72.5,10,74.69,73.82,40
Dynatrace,81.25,81.33333333333333,73.33333333333333,90.0,72.0,69.33333333333334,72.85714285714285,68.75,16,77.16,73.79,41
Roche,78.35616438356165,70.0,77.45454545454545,80.0,68.1967213114754,77.0,68.8135593220339,72.95,73,74.26,73.73,42
American-Express,76.11570247933884,78.41121495327104,79.69072164948454,84.00000000000001,70.42253521126761,72.30046948356808,66.13207547169812,70.66,242,75.3,73.44,43
Marriott-International,77.30941704035874,66.12903225806453,77.5,85.78947368421052,73.2258064516129,73.04812834224599,67.6086956521739,71.75,223,74.37,73.32,44
BP,75.0,77.6923076923077,75.83333333333333,80.0,67.6923076923077,80.0,63.846153846153854,71.43,28,74.29,73.15,45
University-of-Birmingham,76.0,72.72727272727273,78.18181818181819,75.0,70.9090909090909,74.54545454545453,61.81818181818181,73.33,15,72.74,72.98,46
Diageo,77.36842105263158,77.14285714285715,73.125,100.0,72.35294117647058,75.42857142857142,62.28571428571429,67.11,38,76.81,72.93,47
Wellington-Management,78.0,68.0,73.33333333333333,80.0,64.44444444444444,68.88888888888889,62.22222222222222,75.0,10,70.7,72.42,48
NHS-England,78.0,80.0,82.5,90.0,65.0,70.0,72.5,65.0,10,76.86,72.11,49
Unilever,79.53488372093022,69.14285714285715,81.74757281553399,86.0,68.67924528301887,73.14285714285714,66.22641509433961,67.64,129,74.92,72.01,50
BBC,77.5609756097561,81.17647058823529,76.96969696969698,85.45454545454545,76.0,58.82352941176471,58.82352941176471,69.51,41,73.54,71.93,51
Vodafone,75.81818181818181,70.1086956521739,76.06741573033709,84.61538461538461,68.58695652173913,72.54054054054053,63.18681318681318,70.23,220,72.99,71.88,52
Deloitte,75.21052631578947,58.1359649122807,74.6109175377468,80.1793721973094,77.18340611353712,67.67720828789531,67.65676567656766,71.93,1140,71.52,71.69,53
Goldman-Sachs,76.38190954773869,53.6144578313253,74.02777777777779,83.33333333333334,74.54545454545453,73.13253012048193,67.39393939393939,71.48,199,71.78,71.66,54
J-P-Morgan,75.11961722488039,66.39376218323588,72.53731343283583,82.63736263736264,72.1875,73.5812133072407,65.29411764705883,69.98,627,72.54,71.51,55
CBRE,73.68421052631578,68.50574712643677,71.08433734939759,78.82352941176471,67.58620689655173,65.74712643678161,62.75862068965517,74.12,114,69.74,71.49,56
Bloomberg-L-P,72.0,71.57894736842105,76.36363636363637,91.66666666666666,64.94623655913978,73.68421052631578,61.0752688172043,69.09,110,73.04,71.46,57
GlaxoSmithKline,74.421768707483,71.53846153846153,69.26829268292683,72.0,65.58139534883722,73.12977099236642,63.90625,72.96,147,69.98,71.17,58
the-LEGO-Group,80.0,73.68421052631578,82.22222222222221,76.0,63.1578947368421,68.88888888888889,72.94117647058823,67.11,19,73.84,71.15,59
Oliver-Wyman,80.80000000000001,50.0,77.5,55.00000000000001,76.0,75.0,69.0,74.0,25,69.04,71.03,60
Nando-s-UK-and-IRE,82.14285714285714,67.82608695652173,85.21739130434783,85.0,70.43478260869566,64.34782608695653,65.21739130434783,66.07,28,74.31,71.02,61
Doubletree-By-Hilton,76.41025641025642,74.83870967741935,76.7741935483871,65.0,68.38709677419355,70.96774193548387,67.74193548387098,69.87,39,71.45,70.82,62
University-of-Warwick,83.75,82.0,74.0,60.0,78.18181818181819,57.99999999999999,62.22222222222222,70.31,16,71.16,70.82,63
EY,74.95260663507108,57.873563218390814,75.55895865237365,80.3658536585366,78.53868194842406,65.32374100719424,66.10709117221418,70.02,844,71.25,70.76,64
Premier-Inn,72.72727272727273,60.0,76.0,80.0,68.0,65.99999999999999,74.0,70.45,11,70.96,70.76,65
Aon,72.87671232876713,69.83050847457626,70.34482758620689,100.0,68.33333333333333,67.33333333333333,67.58620689655173,66.1,73,73.76,70.69,66
Waitrose,81.70731707317073,70.84745762711864,75.59322033898306,70.66666666666667,65.66666666666666,79.3220338983051,62.37288135593221,67.99,82,72.31,70.58,67
PwC,74.7509113001215,56.246246246246244,74.91909385113269,78.84057971014494,79.2548435171386,66.87687687687688,67.45454545454545,69.38,823,71.19,70.47,68
Nationwide-Building-Society,75.0,76.0,81.0,90.0,75.0,74.0,63.0,61.46,24,76.29,70.35,69
Indeed,72.43243243243242,80.0,71.51515151515152,89.0909090909091,66.25,75.15151515151516,63.030303030303024,64.86,37,73.92,70.3,70
AstraZeneca,73.25,68.11594202898551,68.88888888888889,82.5,66.66666666666667,78.55072463768116,60.86956521739131,68.75,80,71.26,70.26,71
The-British-Army,73.18181818181819,54.44444444444445,80.58823529411765,73.33333333333333,75.55555555555556,70.0,55.13513513513513,72.16,44,68.89,70.2,72
Lloyds-Banking-Group,72.3076923076923,78.18181818181819,74.07407407407408,95.55555555555554,70.87719298245614,74.44444444444444,62.18181818181818,62.31,65,75.37,70.15,73
University-of-Nottingham,82.66666666666667,68.33333333333333,70.0,80.0,76.66666666666667,73.33333333333333,63.33333333333333,65.0,15,73.48,70.09,74
John-Lewis-and-Partners,73.44827586206897,74.4186046511628,81.86046511627907,85.0,60.46511627906976,77.20930232558139,63.80952380952382,64.22,58,73.74,69.94,75
Cushman-and-Wakefield,73.72549019607843,69.54545454545455,68.37209302325581,90.90909090909092,68.63636363636363,65.9090909090909,66.97674418604652,66.67,51,72.01,69.87,76
Accenture,73.33333333333333,61.724137931034484,75.38461538461539,89.41176470588236,74.23728813559322,65.76271186440678,69.15254237288136,65.53,66,72.72,69.84,77
Sage,68.35820895522387,75.9375,70.0,86.15384615384615,67.93650793650794,74.6875,63.125,66.04,67,72.31,69.81,78
Sainsbury-s,76.875,67.77777777777779,74.44444444444444,85.0,64.44444444444444,55.55555555555556,68.88888888888889,68.75,32,70.43,69.76,79
Bayer,70.96774193548387,75.92592592592592,71.42857142857143,74.0,69.0909090909091,74.54545454545453,62.64150943396227,67.34,62,71.23,69.67,80
Blue-Yonder,70.60606060606061,77.66666666666666,74.33333333333334,75.55555555555556,67.66666666666666,72.33333333333334,64.66666666666667,66.29,66,71.83,69.61,81
Foxtons,69.0909090909091,52.0,70.0,80.0,82.0,70.0,70.0,68.18,11,70.44,69.54,82
NHS,76.0,66.91358024691358,70.0,85.29411764705883,72.47058823529412,67.95180722891565,62.65060240963856,66.3,115,71.61,69.49,83
H-and-M,70.52631578947368,66.66666666666667,76.47058823529413,96.0,62.22222222222222,63.33333333333333,62.22222222222222,67.11,19,71.06,69.48,84
King-s-College-London,81.17647058823529,80.0,73.84615384615385,66.66666666666667,73.33333333333333,78.33333333333333,68.33333333333333,61.76,17,74.53,69.42,85
Barclays,72.97071129707113,70.84210526315789,71.5909090909091,79.02439024390245,68.69109947643979,72.38095238095238,60.31914893617022,66.74,239,70.83,69.19,86
Transport-for-London,76.92307692307693,87.27272727272727,67.27272727272727,90.0,60.0,70.9090909090909,58.18181818181818,63.46,13,72.94,69.15,87
Everyone-Active,71.66666666666667,64.44444444444444,68.88888888888889,100.0,62.22222222222222,55.55555555555556,62.22222222222222,68.75,12,69.29,69.07,88
University-of-Newcastle-UK,80.0,77.5,62.857142857142854,93.33333333333333,70.0,74.28571428571429,60.0,61.36,11,74.0,68.94,89
KPMG,73.40136054421768,56.39484978540772,72.41860465116278,76.16161616161617,76.68085106382978,63.683083511777305,64.55531453362255,68.58,588,69.04,68.86,90
Virgin-Active,70.76923076923076,70.0,75.0,,75.0,60.0,75.0,65.38,13,70.96,68.73,91
University-of-Manchester,81.33333333333333,80.0,76.0,70.0,55.99999999999999,68.0,65.99999999999999,65.0,15,71.05,68.63,92
Boots,73.08641975308642,68.125,71.29032258064515,80.0,66.5625,66.66666666666667,59.04761904761905,66.05,81,69.25,67.97,93
Colt-Technology-Services,68.0,78.0,62.0,,62.0,76.0,50.0,70.0,10,66.0,67.6,94
Radisson-Hotel-Group,73.33333333333333,61.53846153846154,70.0,80.0,72.3076923076923,64.61538461538461,70.76923076923076,63.33,15,70.37,67.55,95
IBM,70.71677105080028,72.88163265306122,70.72332730560579,84.27184466019418,67.68979591836735,61.598694942903755,59.81818181818181,64.18,1437,69.67,67.47,96
Network-Rail,72.5,80.74074074074075,64.61538461538461,66.66666666666667,73.33333333333333,75.55555555555556,54.81481481481482,64.06,32,69.75,67.47,97
Kurt-Geiger,73.33333333333333,63.63636363636363,69.0909090909091,80.0,65.45454545454545,72.72727272727273,67.27272727272727,63.33,15,70.22,67.46,98
Thomson-Reuters,69.95073891625616,74.86338797814207,70.79754601226995,74.0,62.30769230769231,67.58241758241759,59.78142076502733,65.76,203,68.47,67.39,99
BDO,69.0,63.125,68.125,84.44444444444444,69.375,58.12500000000001,69.375,65.0,40,68.8,67.28,100
Morgan-Stanley,72.22748815165878,65.38922155688623,72.77777777777777,79.0909090909091,68.99408284023669,68.33333333333333,63.592814371257475,62.8,211,70.06,67.15,101
JLT-Group,75.71428571428571,73.33333333333333,73.33333333333333,,61.66666666666667,71.66666666666667,65.0,62.5,14,70.12,67.07,102
Hays,74.60317460317461,63.50877192982456,76.14035087719297,44.44444444444445,75.43859649122807,65.96491228070175,70.52631578947368,66.67,63,67.23,67.01,103
Search-Consultancy,72.0,65.99999999999999,70.0,,64.0,64.0,64.0,67.5,10,66.67,67.0,104
Oracle,70.0,75.43165467625899,66.04651162790698,75.27777777777777,65.33333333333333,65.39568345323741,60.50450450450451,65.04,660,68.28,66.99,105
Grant-Thornton,71.80722891566265,61.0,70.6896551724138,75.71428571428571,72.45901639344262,63.66666666666666,65.42372881355932,64.46,83,68.68,66.99,106
HSBC-Holdings,70.26315789473684,71.32530120481928,70.17241379310344,73.95348837209302,66.56,67.06827309236948,61.9277108433735,64.14,304,68.75,66.91,107
Standard-Life-Aberdeen,73.33333333333333,80.0,69.0909090909091,90.0,63.33333333333333,61.66666666666667,61.66666666666667,60.0,15,71.3,66.78,108
Royal-Mail,75.0,75.17241379310346,67.58620689655173,83.63636363636363,67.33333333333333,75.86206896551724,58.620689655172406,59.03,36,71.89,66.74,109
Mercer,67.73333333333333,71.64179104477613,70.625,82.66666666666667,62.68656716417911,62.98507462686567,60.0,64.33,75,68.33,66.73,110
UK-Ministry-of-Defence,77.89473684210526,68.88888888888889,75.55555555555556,88.00000000000001,75.55555555555556,65.55555555555556,61.11111111111111,56.58,19,73.22,66.57,111
Dixons-Carphone,71.29032258064515,66.15384615384615,65.53191489361703,85.0,60.0,65.0,63.6,64.11,62,68.08,66.49,112
Booking-com,68.29787234042553,70.63291139240506,74.43037974683544,86.66666666666666,61.72839506172839,66.83544303797468,61.518987341772146,61.17,94,70.02,66.48,113
RSM,64.65753424657534,59.32203389830508,64.31372549019608,84.44444444444444,68.47457627118645,61.694915254237294,57.6271186440678,67.47,73,65.79,66.46,114
Kier-Group,72.3076923076923,68.0,68.0,50.0,72.0,70.0,72.0,63.46,13,67.47,65.87,115
Arnold-Clark,68.0,64.44444444444444,73.33333333333333,,66.66666666666667,73.33333333333333,62.22222222222222,62.5,10,68.0,65.8,116
Tesco,74.10526315789474,66.43564356435643,68.2233502538071,75.68627450980392,64.95145631067962,67.78325123152709,57.57575757575758,62.72,285,67.82,65.78,117
BT,70.0,72.26415094339622,69.05263157894737,74.11764705882354,62.857142857142854,65.33333333333333,57.11538461538461,63.54,120,67.25,65.77,118
Arcadia,65.55555555555556,60.0,58.666666666666664,75.0,60.0,53.75,57.333333333333336,72.22,18,61.47,65.77,119
Burberry,66.66666666666667,60.83333333333333,65.45454545454545,75.0,50.43478260869565,78.33333333333333,54.78260869565218,67.59,27,64.5,65.74,120
Citi,68.54736842105262,63.53233830845772,65.72207084468664,74.28571428571429,66.14999999999999,68.2089552238806,58.740554156171285,64.16,475,66.46,65.54,121
Penguin-Random-House,78.46153846153847,75.55555555555556,71.1111111111111,60.0,53.333333333333336,60.0,57.77777777777777,65.38,13,65.18,65.26,122
B-and-M-Retail,71.30434782608695,63.63636363636363,64.54545454545453,92.5,66.36363636363637,59.09090909090909,64.54545454545453,59.78,23,68.86,65.23,123
Santander,71.2,63.47826086956522,67.82608695652173,90.0,62.60869565217392,67.82608695652173,57.391304347826086,60.0,25,68.62,65.17,124
Deutsche-Bank,67.88732394366197,68.64406779661017,61.6,80.0,63.62068965517241,65.64102564102564,58.620689655172406,62.32,142,66.57,64.87,125
Whitbread,67.77777777777779,62.35294117647059,68.23529411764706,60.0,69.41176470588235,65.88235294117646,56.470588235294116,63.89,18,64.3,64.14,126
Aviva,67.85714285714286,73.63636363636363,64.0,40.0,59.13043478260869,66.08695652173913,52.17391304347826,69.64,28,60.41,64.1,127
J-Sainsbury,70.42253521126761,65.93220338983052,67.58620689655173,63.33333333333333,58.98305084745763,63.05084745762712,57.77777777777777,63.73,142,63.87,63.81,128
Lidl,67.82608695652173,60.0,65.0,80.0,64.0,68.0,60.0,59.78,23,66.4,63.76,129
Balfour-Beatty,69.0909090909091,68.0,62.10526315789473,100.0,63.0,73.0,59.00000000000001,53.41,22,70.6,63.72,130
Co-op,70.38461538461537,60.0,71.16279069767441,76.66666666666667,59.06976744186046,59.53488372093023,59.06976744186046,61.54,52,65.13,63.69,131
Boots-Opticians,67.27272727272727,78.18181818181819,61.81818181818181,100.0,69.0909090909091,67.27272727272727,43.63636363636363,54.55,11,69.61,63.58,132
The-Salvation-Army,66.44067796610169,67.05882352941177,70.63829787234043,80.0,52.94117647058824,53.2,55.51020408163265,63.14,59,63.68,63.46,133
Virgin-Media,69.6774193548387,61.37931034482759,72.14285714285714,66.66666666666667,62.66666666666667,69.65517241379311,60.689655172413794,58.87,31,66.13,63.22,134
SSE,69.0909090909091,68.88888888888889,62.22222222222222,95.0,63.33333333333333,73.33333333333333,55.55555555555556,53.41,22,69.63,63.14,135
Compass-Group,68.25396825396825,63.272727272727266,57.77777777777777,72.3076923076923,63.63636363636363,58.909090909090914,59.63636363636364,62.7,63,63.4,63.12,136
ASDA,67.86324786324786,65.0,67.35632183908045,74.28571428571429,57.67441860465116,61.64705882352941,54.88372093023256,61.54,117,64.1,63.08,137
Topshop,70.27027027027027,69.03225806451613,68.38709677419355,85.0,61.29032258064516,61.935483870967744,59.354838709677416,55.41,37,67.9,62.9,138
Pearson,64.8780487804878,73.45454545454547,65.51020408163265,78.75,57.27272727272727,64.86486486486487,54.339622641509436,58.74,123,65.58,62.84,139
Harrods,66.08695652173913,54.44444444444445,61.11111111111111,70.0,56.84210526315789,67.77777777777779,51.11111111111111,65.22,23,61.05,62.72,140
DHL-Supply-Chain,65.79710144927536,57.54385964912281,61.48148148148148,81.42857142857143,62.807017543859644,68.62068965517241,53.45454545454545,59.42,69,64.45,62.44,141
Metro-Bank,62.5,52.5,66.25,90.0,71.25,56.25,57.49999999999999,57.81,16,65.18,62.23,142
LV,68.75,60.0,72.3076923076923,60.0,66.15384615384615,64.61538461538461,55.38461538461539,59.38,16,63.89,62.08,143
BNP-Paribas,67.72727272727272,68.05555555555556,64.34782608695653,86.66666666666666,60.0,60.83333333333333,55.27777777777778,54.83,88,66.13,61.61,144
McDonald-s,65.43441226575808,62.042755344418055,60.22085889570552,73.125,61.11757857974389,52.651605231866824,56.46489104116223,61.52,1174,61.58,61.56,145
BNY-Mellon,62.75000000000001,69.29133858267717,65.40983606557378,70.0,56.18320610687022,61.40624999999999,54.72,59.53,160,62.82,61.51,146
Willis-Towers-Watson,64.22222222222223,63.56164383561643,62.64705882352941,75.0,60.273972602739725,59.178082191780824,55.342465753424655,59.44,90,62.89,61.51,147
Sodexo,66.51162790697674,62.25352112676056,60.882352941176464,71.0,64.65753424657534,56.33802816901407,54.57142857142857,59.3,86,62.32,61.11,148
ENGIE,70.58823529411764,75.38461538461539,72.3076923076923,86.66666666666666,60.0,63.07692307692307,58.46153846153845,47.06,17,69.5,60.52,149
ALDI,68.88888888888889,42.5,52.5,76.66666666666667,63.74999999999999,60.0,55.00000000000001,61.11,18,59.9,60.38,150
B-and-Q,66.36363636363637,55.99999999999999,61.0,90.0,52.0,62.0,55.00000000000001,55.68,22,63.19,60.19,151
Department-for-Work-And-Pensions,63.1578947368421,66.66666666666667,55.714285714285715,90.0,57.333333333333336,57.333333333333336,45.33333333333333,56.58,19,62.22,59.96,152
ISS-Facility-Services,69.0909090909091,58.94736842105262,57.77777777777777,68.0,58.94736842105262,61.05263157894737,53.68421052631579,57.95,22,61.07,59.82,153
Jaguar-Land-Rover,66.80851063829788,61.578947368421055,60.0,65.0,58.42105263157895,68.42105263157895,55.263157894736835,55.85,47,62.21,59.67,154
ASOS,63.33333333333333,65.88235294117646,67.05882352941177,80.0,50.588235294117645,72.94117647058823,51.76470588235295,52.08,24,64.51,59.54,155
Best-Western,62.60869565217392,55.78947368421052,61.05263157894737,60.0,54.736842105263165,49.47368421052632,55.78947368421052,63.04,23,57.06,59.46,156
Specsavers,65.71428571428571,60.86956521739131,64.34782608695653,76.0,59.13043478260869,48.69565217391305,55.65217391304348,56.25,28,61.49,59.39,157
Pizza-Hut,64.20454545454545,64.06015037593986,60.15503875968993,64.44444444444444,56.71641791044777,46.717557251908396,55.348837209302324,59.66,176,58.81,59.15,158
Primark,66.79611650485437,62.89473684210527,60.266666666666666,72.5,56.57894736842105,46.15384615384615,52.89473684210526,58.25,103,59.73,59.14,159
Marks-and-Spencer,65.0,65.11627906976744,64.94117647058823,60.0,53.40909090909091,64.13793103448275,51.90476190476191,56.5,100,60.64,58.99,160
Holiday-Inn,60.909090909090914,55.78947368421052,60.0,80.0,50.526315789473685,48.421052631578945,55.78947368421052,59.09,22,58.78,58.9,161
Morrisons,64.84848484848484,60.0,63.63636363636363,72.22222222222221,55.27272727272727,64.36363636363637,52.0,54.55,66,61.76,58.88,162
Oxford-University-Press,68.0,88.8888888888889,75.55555555555556,70.0,48.88888888888889,51.11111111111111,51.11111111111111,50.0,10,64.79,58.88,163
Holiday-Inn-Express,66.66666666666667,59.09090909090909,53.63636363636364,80.0,52.17391304347826,50.0,56.363636363636374,56.67,30,59.7,58.49,164
British-Airways,61.81818181818181,58.723404255319146,52.44444444444445,86.66666666666666,56.086956521739125,58.29787234042553,42.608695652173914,56.82,55,59.52,58.44,165
Adecco,60.33898305084746,57.692307692307686,56.326530612244895,75.55555555555556,53.58490566037736,55.094339622641506,57.55102040816327,55.08,59,59.45,57.7,166
Civil-Service-United-Kingdom,70.0,64.0,64.0,60.0,52.0,48.0,44.00000000000001,57.5,10,57.43,57.46,167
REED,63.74999999999999,61.42857142857143,61.42857142857143,73.33333333333333,62.66666666666667,58.57142857142856,55.714285714285715,50.0,16,62.41,57.45,168
next,63.46666666666667,67.41935483870968,57.41935483870968,68.0,52.25806451612903,60.64516129032258,55.16129032258065,52.67,75,60.62,57.44,169
Savills,58.33333333333333,63.63636363636363,63.63636363636363,60.0,60.0,49.09090909090909,50.90909090909091,56.25,12,57.94,57.27,170
Thomas-Cook,63.80952380952382,68.42105263157895,66.31578947368422,70.0,61.05263157894737,61.05263157894737,56.84210526315789,46.43,21,63.93,56.93,171
Serco-Group,59.32203389830508,62.30769230769231,58.4,77.14285714285715,58.0392156862745,54.23076923076924,52.94117647058824,51.69,59,60.34,56.88,172
Her-Majesty-s-Revenue-and-Customs,61.11111111111111,74.66666666666667,62.857142857142854,88.00000000000001,58.666666666666664,53.333333333333336,44.00000000000001,47.22,18,63.23,56.83,173
Capita,61.212121212121204,61.16279069767442,55.529411764705884,60.0,53.41176470588235,53.95348837209302,49.88235294117647,56.06,99,56.45,56.29,174
Korn-Ferry,56.470588235294116,55.714285714285715,46.42857142857143,60.0,50.71428571428571,60.71428571428571,44.82758620689655,60.29,34,53.55,56.25,175
Crowne-Plaza-Hotels-and-Resorts,64.61538461538461,61.81818181818181,55.99999999999999,66.66666666666667,54.54545454545454,61.81818181818181,52.72727272727272,50.0,13,59.74,55.84,176
David-Lloyd-Leisure,58.33333333333333,54.0,54.0,55.00000000000001,55.99999999999999,62.0,54.0,54.17,12,56.19,55.38,177
Iron-Mountain-Inc,58.82352941176471,63.57142857142857,56.666666666666664,80.0,48.57142857142856,60.66666666666667,44.28571428571429,49.26,34,58.94,55.07,178
DWF,64.0,64.0,64.44444444444444,,52.5,57.99999999999999,44.44444444444445,50.0,10,57.9,54.74,179
Christie-s,62.0,62.22222222222222,71.1111111111111,20.0,53.333333333333336,44.44444444444445,55.00000000000001,57.5,10,52.59,54.55,180
EBRD,58.18181818181818,80.0,65.45454545454545,30.0,50.90909090909091,69.0909090909091,50.90909090909091,47.73,11,57.79,53.77,181
Debenhams,60.322580645161295,56.666666666666664,52.916666666666664,74.54545454545453,50.212765957446805,52.34042553191489,47.23404255319149,46.77,62,56.32,52.5,182
YOOX-NET-A-PORTER-GROUP,49.23076923076923,58.18181818181818,45.45454545454546,80.0,43.63636363636363,47.27272727272728,41.81818181818181,44.23,13,52.23,49.03,183
New-Look,59.09090909090909,45.0,50.0,50.0,40.0,51.24999999999999,48.75,45.45,22,49.16,47.68,184
Barchester-Healthcare,50.0,48.0,46.0,80.0,50.0,44.00000000000001,48.0,40.0,10,52.29,47.37,185
WLT-Group,49.18918918918919,55.48387096774194,45.18518518518518,60.0,46.875,44.516129032258064,42.58064516129032,42.57,37,49.12,46.5,186
Priory-Group,49.09090909090909,51.11111111111111,51.11111111111111,80.0,37.77777777777778,35.55555555555555,48.88888888888889,38.64,11,50.51,45.76,187
WHSmith,55.00000000000001,52.72727272727272,45.45454545454546,50.0,35.45454545454545,42.72727272727273,45.45454545454546,42.71,24,46.69,45.1,188
The-Range,44.00000000000001,66.66666666666667,35.55555555555555,40.0,35.55555555555555,33.333333333333336,40.0,45.0,10,42.16,43.3,189
GLL,46.25,45.714285714285715,42.857142857142854,50.0,45.714285714285715,41.42857142857143,35.714285714285715,31.25,16,43.95,38.87,190
Link-Group,43.33333333333333,44.00000000000001,37.77777777777778,,40.0,33.333333333333336,37.77777777777778,37.5,12,39.37,38.62,191
